<?xml version="1.0" encoding="utf-8"?>
<eml:eml xmlns:eml="eml://ecoinformatics.org/eml-2.1.1" xmlns:xsi="http://www.w3.org/2001/XMLSchema-instance"
         xsi:schemaLocation="eml://ecoinformatics.org/eml-2.1.1 http://rs.gbif.org/schema/eml-gbif-profile/1.1/eml.xsd"
        packageId="10.15468/dl.3cqd45"  system="http://gbif.org" scope="system"
  xml:lang="en">

<dataset>
        <alternateIdentifier>0356872-210914110416597</alternateIdentifier>
    <title>GBIF Occurrence Download 10.15468/dl.3cqd45</title>
    <creator>
    <individualName>
          <surName>GBIF Download Service</surName>
    </individualName>
<electronicMailAddress>support@gbif.org</electronicMailAddress>    </creator>
    <metadataProvider>
    <individualName>
          <surName>GBIF Download Service</surName>
    </individualName>
<electronicMailAddress>support@gbif.org</electronicMailAddress>    </metadataProvider>
      <pubDate>
      2022-06-15
      </pubDate>
    <language>ENGLISH</language>
    <abstract>
        <para>A dataset containing all occurrences available in GBIF matching the query:
{
  &quot;and&quot; : [
    &quot;TaxonKey is Desmognathus quadramaculatus (Holbrook, 1840)&quot;,
    &quot;HasCoordinate is True&quot;,
    &quot;Country is United States of America&quot;,
    &quot;Year is greater than or equal to 1999&quot;,
    &quot;Year is less than or equal to 2020&quot;,
    &quot;Month is greater than or equal to January&quot;,
    &quot;Month is less than or equal to December&quot;,
    &quot;HasGeospatialIssue is False&quot;,
    &quot;DecimalLatitude is greater than or equal to 24.5&quot;,
    &quot;DecimalLatitude is less than or equal to 49.5&quot;,
    &quot;DecimalLongitude is greater than or equal to -125.0&quot;,
    &quot;DecimalLongitude is less than or equal to -66.5&quot;
  ]
}
The dataset includes records from the following constituent datasets. The full metadata for each constituent is also included in this archive:
1 records from Angelo State Natural History Collections (ASNHC) Amphibian and reptile specimens (Arctos)
2 records from University of Florida Herpetology
2 records from Biodiversity Research and Teaching Collections - TCWC Vertebrates
2 records from AUMNH Herpetology Voucher Collection
3 records from Southeastern Louisiana University Herpetology Collection
5 records from Vertebrate Zoology Division - Herpetology, Yale Peabody Museum
6 records from NMNH Extant Specimen Records (USNM, US)
6 records from INSDC Sequences
6 records from International Barcode of Life project (iBOL)
12 records from NMNH Material Samples (USNM)
61 records from BYU Herpetology Collection
64 records from Museum of Comparative Zoology, Harvard University
105 records from NCSM Herpetology Collection
559 records from iNaturalist Research-grade Observations</para>
    </abstract>
      <contact>
    <individualName>
          <surName>GBIF Download Service</surName>
    </individualName>
<electronicMailAddress>support@gbif.org</electronicMailAddress>      </contact>

</dataset>

<additionalMetadata>
    <metadata>
      <gbif>
        <dateStamp>2022-06-15T13:37:07Z</dateStamp>
      <citation identifier="10.15468/dl.3cqd45">GBIF Occurrence Download 10.15468/dl.3cqd45</citation>
              <physical>
                  <objectName>Darwin Core Archive</objectName>
                  <characterEncoding>UTF-8</characterEncoding>
                  <dataFormat>
                      <externallyDefinedFormat>
                          <formatName>Darwin Core Archive</formatName>
                      </externallyDefinedFormat>
                  </dataFormat>
                  <distribution>
                      <online>
                          <url function="download">https://api.gbif.org/v1/occurrence/download/request/0356872-210914110416597.zip</url>
                      </online>
                  </distribution>
              </physical>
      </gbif>
    </metadata>
</additionalMetadata>

</eml:eml>
